seed,perplexity
42,109.85264538352013
123,109.90998262048144
456,109.81050893626522
789,109.34702665068522
1011,109.51880222403659
2024,109.77978554187737
3035,108.74388246522379
4046,109.58271098363159
5057,109.701308404688
6068,109.72009446474577
